year,month,value
1895,1,40.5
1895,2,46.0
1895,3,47.8
1895,4,53.7
1895,5,61.3
1895,6,68.6
1895,7,72.4
1895,8,72.3
1895,9,65.7
1895,10,60.0
1895,11,48.2
1895,12,41.0
1896,1,45.5
1896,2,47.1
1896,3,49.7
1896,4,49.0
1896,5,58.9
1896,6,70.9
1896,7,75.8
1896,8,73.0
1896,9,66.4
1896,10,60.0
1896,11,47.7
1896,12,45.6
1897,1,42.0
1897,2,42.2
1897,3,43.1
1897,4,56.0
1897,5,63.8
1897,6,68.0
1897,7,73.9
1897,8,74.8
1897,9,67.2
1897,10,56.3
1897,11,48.6
1897,12,41.6
1898,1,37.4
1898,2,47.2
1898,3,45.8
1898,4,56.9
1898,5,58.6
1898,6,68.7
1898,7,74.0
1898,8,74.9
1898,9,68.1
1898,10,59.0
1898,11,48.5
1898,12,41.3
1899,1,43.9
1899,2,44.6
1899,3,47.8
1899,4,54.7
1899,5,56.5
1899,6,68.4
1899,7,74.0
1899,8,68.9
1899,9,70.5
1899,10,55.8
1899,11,50.8
1899,12,42.8
1900,1,45.6
1900,2,46.9
1900,3,52.9
1900,4,51.1
1900,5,61.9
1900,6,69.8
1900,7,74.3
1900,8,69.9
1900,9,63.8
1900,10,57.6
1900,11,51.9
1900,12,44.2
1901,1,41.5
1901,2,45.2
1901,3,49.7
1901,4,51.5
1901,5,59.9
1901,6,67.4
1901,7,74.7
1901,8,74.8
1901,9,65.1
1901,10,60.9
1901,11,52.0
1901,12,44.2
1902,1,41.5
1902,2,46.1
1902,3,45.6
1902,4,52.5
1902,5,58.2
1902,6,69.1
1902,7,72.4
1902,8,72.0
1902,9,69.0
1902,10,58.1
1902,11,47.2
1902,12,42.3
1903,1,42.0
1903,2,38.4
1903,3,46.8
1903,4,51.6
1903,5,60.6
1903,6,69.2
1903,7,71.1
1903,8,73.1
1903,9,66.9
1903,10,60.8
1903,11,50.9
1903,12,43.1
1904,1,41.6
1904,2,45.3
1904,3,47.6
1904,4,53.6
1904,5,62.8
1904,6,69.2
1904,7,72.8
1904,8,74.5
1904,9,68.8
1904,10,58.3
1904,11,51.3
1904,12,43.2
1905,1,45.7
1905,2,47.0
1905,3,50.6
1905,4,54.5
1905,5,56.9
1905,6,66.4
1905,7,74.8
1905,8,73.6
1905,9,68.0
1905,10,58.3
1905,11,48.4
1905,12,40.7
1906,1,43.8
1906,2,48.7
1906,3,48.0
1906,4,52.7
1906,5,57.4
1906,6,65.5
1906,7,77.3
1906,8,73.6
1906,9,68.0
1906,10,60.4
1906,11,47.6
1906,12,43.2
1907,1,40.0
1907,2,49.9
1907,3,46.0
1907,4,55.5
1907,5,58.8
1907,6,64.8
1907,7,73.0
1907,8,71.0
1907,9,65.1
1907,10,59.8
1907,11,49.8
1907,12,44.6
1908,1,43.8
1908,2,43.0
1908,3,48.5
1908,4,55.3
1908,5,56.0
1908,6,64.5
1908,7,76.6
1908,8,73.1
1908,9,67.3
1908,10,55.9
1908,11,50.1
1908,12,40.7
1909,1,45.1
1909,2,43.6
1909,3,45.7
1909,4,54.7
1909,5,58.5
1909,6,68.2
1909,7,72.3
1909,8,73.1
1909,9,67.4
1909,10,57.9
1909,11,48.3
1909,12,39.9
1910,1,38.8
1910,2,42.6
1910,3,52.2
1910,4,57.2
1910,5,63.9
1910,6,66.8
1910,7,75.0
1910,8,73.3
1910,9,67.4
1910,10,59.9
1910,11,49.8
1910,12,45.0
1911,1,43.0
1911,2,40.2
1911,3,49.9
1911,4,51.9
1911,5,57.1
1911,6,66.7
1911,7,75.2
1911,8,71.2
1911,9,64.1
1911,10,57.1
1911,11,48.2
1911,12,39.9
1912,1,43.8
1912,2,46.5
1912,3,45.4
1912,4,49.5
1912,5,59.7
1912,6,67.5
1912,7,71.6
1912,8,70.7
1912,9,65.8
1912,10,55.0
1912,11,49.7
1912,12,41.3
1913,1,38.8
1913,2,43.0
1913,3,46.4
1913,4,52.8
1913,5,60.4
1913,6,65.4
1913,7,73.5
1913,8,75.0
1913,9,70.0
1913,10,59.7
1913,11,50.1
1913,12,42.3
1914,1,44.4
1914,2,45.5
1914,3,52.6
1914,4,54.6
1914,5,61.4
1914,6,66.8
1914,7,73.6
1914,8,73.6
1914,9,66.2
1914,10,59.1
1914,11,51.8
1914,12,38.9
1915,1,41.4
1915,2,44.2
1915,3,50.6
1915,4,54.4
1915,5,57.0
1915,6,67.4
1915,7,73.2
1915,8,74.8
1915,9,66.4
1915,10,60.2
1915,11,48.2
1915,12,43.1
1916,1,38.1
1916,2,47.6
1916,3,51.4
1916,4,55.6
1916,5,57.8
1916,6,66.4
1916,7,72.6
1916,8,71.7
1916,9,66.8
1916,10,53.8
1916,11,45.9
1916,12,39.3
1917,1,36.6
1917,2,42.9
1917,3,43.6
1917,4,51.4
1917,5,55.5
1917,6,69.2
1917,7,77.3
1917,8,74.1
1917,9,68.7
1917,10,62.6
1917,11,51.1
1917,12,46.5
1918,1,42.9
1918,2,43.5
1918,3,48.6
1918,4,53.9
1918,5,57.2
1918,6,73.9
1918,7,73.1
1918,8,72.3
1918,9,68.0
1918,10,60.8
1918,11,47.4
1918,12,40.5
1919,1,42.5
1919,2,41.8
1919,3,45.6
1919,4,54.8
1919,5,62.6
1919,6,68.2
1919,7,75.2
1919,8,74.0
1919,9,66.9
1919,10,54.6
1919,11,47.2
1919,12,41.9
1920,1,44.4
1920,2,45.4
1920,3,45.8
1920,4,51.9
1920,5,60.4
1920,6,67.3
1920,7,73.0
1920,8,74.3
1920,9,66.1
1920,10,54.5
1920,11,48.0
1920,12,42.0
1921,1,41.2
1921,2,45.6
1921,3,50.7
1921,4,52.3
1921,5,57.1
1921,6,69.1
1921,7,75.6
1921,8,72.7
1921,9,66.8
1921,10,60.8
1921,11,50.8
1921,12,45.0
1922,1,37.5
1922,2,41.2
1922,3,44.8
1922,4,50.3
1922,5,61.1
1922,6,69.7
1922,7,76.0
1922,8,72.9
1922,9,71.3
1922,10,58.0
1922,11,45.8
1922,12,44.1
1923,1,42.2
1923,2,43.2
1923,3,49.1
1923,4,52.1
1923,5,61.1
1923,6,63.2
1923,7,73.4
1923,8,72.5
1923,9,68.7
1923,10,57.3
1923,11,51.8
1923,12,41.8
1924,1,41.0
1924,2,49.6
1924,3,46.4
1924,4,54.4
1924,5,64.9
1924,6,69.9
1924,7,73.6
1924,8,72.6
1924,9,68.3
1924,10,55.6
1924,11,49.4
1924,12,40.1
1925,1,42.9
1925,2,47.3
1925,3,49.8
1925,4,54.0
1925,5,61.5
1925,6,68.7
1925,7,76.3
1925,8,71.6
1925,9,63.9
1925,10,56.8
1925,11,48.0
1925,12,44.9
1926,1,41.7
1926,2,47.4
1926,3,53.6
1926,4,57.8
1926,5,62.4
1926,6,72.4
1926,7,75.6
1926,8,73.5
1926,9,65.4
1926,10,60.6
1926,11,53.5
1926,12,41.6
1927,1,43.5
1927,2,45.8
1927,3,47.7
1927,4,53.0
1927,5,59.9
1927,6,68.0
1927,7,75.2
1927,8,72.3
1927,9,64.9
1927,10,59.9
1927,11,51.1
1927,12,41.2
1928,1,43.5
1928,2,45.9
1928,3,51.7
1928,4,53.7
1928,5,64.3
1928,6,68.3
1928,7,74.6
1928,8,73.4
1928,9,68.9
1928,10,58.1
1928,11,48.8
1928,12,40.9
1929,1,39.8
1929,2,41.8
1929,3,48.3
1929,4,50.1
1929,5,61.9
1929,6,67.5
1929,7,74.6
1929,8,75.6
1929,9,67.1
1929,10,61.4
1929,11,50.8
1929,12,47.9
1930,1,39.9
1930,2,48.8
1930,3,50.2
1930,4,56.2
1930,5,56.6
1930,6,69.0
1930,7,74.7
1930,8,73.3
1930,9,65.0
1930,10,58.1
1930,11,50.0
1930,12,41.5
1931,1,43.5
1931,2,47.0
1931,3,51.3
1931,4,57.4
1931,5,65.5
1931,6,67.8
1931,7,79.5
1931,8,75.9
1931,9,66.4
1931,10,58.9
1931,11,46.0
1931,12,40.2
1932,1,38.9
1932,2,42.8
1932,3,50.7
1932,4,52.8
1932,5,60.4
1932,6,68.9
1932,7,73.6
1932,8,73.3
1932,9,70.9
1932,10,59.1
1932,11,53.4
1932,12,38.4
1933,1,38.3
1933,2,39.8
1933,3,48.8
1933,4,52.8
1933,5,55.4
1933,6,67.0
1933,7,77.2
1933,8,75.0
1933,9,66.8
1933,10,64.1
1933,11,51.7
1933,12,43.8
1934,1,45.3
1934,2,48.5
1934,3,57.2
1934,4,59.8
1934,5,64.5
1934,6,66.2
1934,7,75.1
1934,8,75.2
1934,9,69.4
1934,10,60.2
1934,11,50.7
1934,12,44.4
1935,1,41.7
1935,2,45.9
1935,3,44.5
1935,4,53.6
1935,5,59.9
1935,6,70.6
1935,7,73.2
1935,8,74.7
1935,9,70.2
1935,10,57.6
1935,11,46.5
1935,12,43.7
1936,1,44.6
1936,2,44.5
1936,3,51.0
1936,4,56.4
1936,5,63.2
1936,6,69.5
1936,7,76.5
1936,8,75.4
1936,9,69.0
1936,10,60.5
1936,11,50.6
1936,12,42.2
1937,1,32.0
1937,2,42.1
1937,3,48.1
1937,4,52.5
1937,5,62.7
1937,6,68.6
1937,7,76.2
1937,8,75.1
1937,9,69.9
1937,10,61.0
1937,11,51.2
1937,12,46.5
1938,1,44.5
1938,2,43.5
1938,3,45.4
1938,4,53.6
1938,5,61.1
1938,6,69.4
1938,7,75.3
1938,8,73.7
1938,9,70.4
1938,10,57.9
1938,11,46.6
1938,12,45.6
1939,1,42.8
1939,2,40.4
1939,3,49.2
1939,4,58.3
1939,5,62.3
1939,6,68.4
1939,7,75.5
1939,8,75.6
1939,9,69.1
1939,10,59.1
1939,11,51.8
1939,12,47.3
1940,1,45.4
1940,2,46.5
1940,3,51.7
1940,4,55.7
1940,5,64.6
1940,6,72.5
1940,7,73.7
1940,8,74.7
1940,9,66.6
1940,10,60.3
1940,11,48.2
1940,12,46.1
1941,1,44.6
1941,2,47.6
1941,3,50.3
1941,4,51.3
1941,5,62.2
1941,6,66.0
1941,7,75.2
1941,8,71.2
1941,9,64.8
1941,10,56.4
1941,11,51.2
1941,12,43.9
1942,1,43.0
1942,2,42.8
1942,3,47.6
1942,4,52.5
1942,5,57.9
1942,6,67.5
1942,7,76.3
1942,8,74.2
1942,9,67.5
1942,10,60.5
1942,11,50.2
1942,12,44.6
1943,1,43.2
1943,2,46.9
1943,3,50.4
1943,4,55.7
1943,5,62.2
1943,6,64.4
1943,7,74.3
1943,8,71.8
1943,9,71.3
1943,10,59.4
1943,11,50.6
1943,12,43.8
1944,1,41.9
1944,2,42.3
1944,3,48.0
1944,4,50.9
1944,5,60.5
1944,6,63.7
1944,7,72.4
1944,8,73.0
1944,9,69.7
1944,10,61.0
1944,11,46.8
1944,12,44.5
1945,1,42.4
1945,2,45.4
1945,3,44.6
1945,4,53.8
1945,5,59.5
1945,6,67.6
1945,7,76.6
1945,8,73.3
1945,9,69.8
1945,10,61.0
1945,11,48.3
1945,12,42.8
1946,1,42.1
1946,2,42.4
1946,3,48.0
1946,4,56.3
1946,5,61.0
1946,6,67.5
1946,7,74.6
1946,8,74.4
1946,9,68.6
1946,10,55.3
1946,11,46.2
1946,12,44.2
1947,1,40.2
1947,2,48.0
1947,3,51.3
1947,4,56.2
1947,5,65.0
1947,6,67.5
1947,7,72.7
1947,8,71.5
1947,9,70.8
1947,10,59.4
1947,11,46.0
1947,12,42.0
1948,1,45.4
1948,2,42.4
1948,3,44.5
1948,4,51.5
1948,5,58.2
1948,6,67.2
1948,7,72.7
1948,8,71.9
1948,9,68.3
1948,10,59.3
1948,11,47.8
1948,12,38.6
1949,1,32.2
1949,2,39.6
1949,3,46.3
1949,4,57.3
1949,5,60.5
1949,6,69.7
1949,7,74.0
1949,8,71.5
1949,9,70.2
1949,10,57.4
1949,11,54.7
1949,12,41.2
1950,1,37.6
1950,2,46.2
1950,3,48.4
1950,4,56.3
1950,5,60.9
1950,6,67.0
1950,7,75.8
1950,8,74.4
1950,9,67.7
1950,10,61.4
1950,11,53.6
1950,12,48.2
1951,1,42.2
1951,2,44.5
1951,3,48.1
1951,4,55.1
1951,5,61.3
1951,6,68.5
1951,7,74.7
1951,8,73.1
1951,9,70.7
1951,10,58.6
1951,11,49.1
1951,12,40.8
1952,1,38.7
1952,2,44.0
1952,3,43.6
1952,4,54.4
1952,5,63.0
1952,6,64.3
1952,7,75.6
1952,8,74.3
1952,9,70.6
1952,10,63.7
1952,11,46.7
1952,12,42.2
1953,1,47.0
1953,2,45.3
1953,3,48.1
1953,4,52.7
1953,5,55.4
1953,6,64.5
1953,7,76.2
1953,8,71.8
1953,9,71.0
1953,10,58.9
1953,11,51.2
1953,12,44.0
1954,1,42.7
1954,2,48.7
1954,3,46.0
1954,4,57.5
1954,5,63.6
1954,6,66.4
1954,7,75.8
1954,8,70.4
1954,9,67.4
1954,10,59.3
1954,11,51.3
1954,12,41.8
1955,1,38.0
1955,2,41.7
1955,3,48.0
1955,4,49.6
1955,5,59.6
1955,6,67.2
1955,7,71.7
1955,8,74.9
1955,9,69.3
1955,10,61.0
1955,11,48.4
1955,12,45.1
1956,1,44.4
1956,2,40.7
1956,3,49.0
1956,4,53.2
1956,5,60.8
1956,6,68.7
1956,7,74.1
1956,8,71.4
1956,9,70.2
1956,10,57.4
1956,11,49.8
1956,12,43.9
1957,1,38.7
1957,2,48.1
1957,3,49.7
1957,4,54.0
1957,5,58.9
1957,6,71.3
1957,7,74.7
1957,8,72.1
1957,9,69.3
1957,10,56.7
1957,11,47.2
1957,12,44.4
1958,1,44.0
1958,2,48.4
1958,3,44.7
1958,4,53.2
1958,5,64.1
1958,6,67.9
1958,7,74.3
1958,8,77.1
1958,9,70.4
1958,10,63.6
1958,11,50.5
1958,12,48.5
1959,1,45.7
1959,2,43.5
1959,3,52.1
1959,4,58.8
1959,5,59.3
1959,6,71.0
1959,7,78.1
1959,8,73.7
1959,9,67.2
1959,10,62.1
1959,11,51.7
1959,12,44.2
1960,1,40.3
1960,2,44.0
1960,3,51.9
1960,4,54.8
1960,5,60.1
1960,6,73.1
1960,7,77.2
1960,8,73.9
1960,9,70.8
1960,10,59.3
1960,11,48.2
1960,12,43.0
1961,1,44.3
1961,2,47.3
1961,3,48.2
1961,4,55.4
1961,5,58.5
1961,6,72.4
1961,7,76.8
1961,8,75.3
1961,9,66.6
1961,10,59.4
1961,11,47.6
1961,12,41.9
1962,1,41.3
1962,2,43.6
1962,3,45.0
1962,4,58.2
1962,5,58.0
1962,6,68.2
1962,7,73.8
1962,8,73.8
1962,9,69.6
1962,10,59.8
1962,11,51.7
1962,12,45.5
1963,1,40.5
1963,2,52.0
1963,3,47.1
1963,4,49.0
1963,5,61.4
1963,6,65.8
1963,7,72.4
1963,8,72.8
1963,9,70.7
1963,10,61.0
1963,11,49.2
1963,12,43.1
1964,1,41.0
1964,2,44.0
1964,3,46.2
1964,4,52.5
1964,5,58.2
1964,6,66.3
1964,7,74.8
1964,8,74.0
1964,9,66.9
1964,10,63.8
1964,11,46.1
1964,12,45.0
1965,1,43.6
1965,2,45.7
1965,3,48.4
1965,4,52.8
1965,5,59.3
1965,6,64.7
1965,7,73.3
1965,8,73.7
1965,9,64.6
1965,10,63.0
1965,11,50.7
1965,12,40.6
1966,1,40.8
1966,2,42.1
1966,3,49.9
1966,4,57.8
1966,5,63.8
1966,6,68.8
1966,7,72.9
1966,8,75.8
1966,9,69.0
1966,10,60.4
1966,11,51.0
1966,12,43.8
1967,1,43.5
1967,2,46.6
1967,3,48.0
1967,4,44.9
1967,5,60.8
1967,6,66.1
1967,7,76.8
1967,8,77.8
1967,9,70.8
1967,10,61.6
1967,11,53.4
1967,12,39.6
1968,1,41.7
1968,2,50.1
1968,3,50.4
1968,4,54.0
1968,5,60.5
1968,6,70.0
1968,7,75.4
1968,8,70.9
1968,9,69.1
1968,10,59.4
1968,11,49.6
1968,12,40.0
1969,1,42.8
1969,2,41.5
1969,3,47.0
1969,4,53.4
1969,5,63.7
1969,6,66.8
1969,7,75.2
1969,8,76.1
1969,9,70.9
1969,10,56.4
1969,11,51.0
1969,12,45.1
1970,1,44.7
1970,2,48.3
1970,3,49.4
1970,4,49.9
1970,5,62.7
1970,6,69.4
1970,7,76.5
1970,8,75.1
1970,9,67.7
1970,10,58.0
1970,11,50.9
1970,12,41.2
1971,1,42.8
1971,2,45.1
1971,3,48.0
1971,4,51.8
1971,5,57.3
1971,6,66.8
1971,7,75.7
1971,8,76.0
1971,9,68.5
1971,10,55.9
1971,11,47.9
1971,12,38.7
1972,1,39.9
1972,2,46.9
1972,3,54.4
1972,4,53.8
1972,5,62.2
1972,6,69.8
1972,7,76.5
1972,8,74.0
1972,9,66.6
1972,10,57.3
1972,11,46.7
1972,12,39.0
1973,1,40.2
1973,2,45.8
1973,3,44.9
1973,4,53.9
1973,5,64.3
1973,6,71.0
1973,7,75.1
1973,8,73.3
1973,9,67.5
1973,10,58.9
1973,11,47.9
1973,12,44.8
1974,1,41.5
1974,2,44.4
1974,3,49.3
1974,4,52.5
1974,5,61.4
1974,6,70.8
1974,7,74.2
1974,8,73.7
1974,9,71.8
1974,10,60.5
1974,11,49.5
1974,12,42.0
1975,1,42.5
1975,2,43.8
1975,3,46.0
1975,4,47.1
1975,5,60.8
1975,6,68.0
1975,7,73.8
1975,8,72.1
1975,9,71.0
1975,10,57.5
1975,11,47.9
1975,12,44.7
1976,1,44.4
1976,2,46.0
1976,3,47.3
1976,4,50.8
1976,5,63.2
1976,6,67.9
1976,7,74.7
1976,8,69.8
1976,9,68.0
1976,10,60.6
1976,11,53.1
1976,12,43.9
1977,1,41.3
1977,2,48.8
1977,3,45.3
1977,4,56.6
1977,5,54.8
1977,6,71.4
1977,7,74.8
1977,8,75.0
1977,9,67.8
1977,10,61.2
1977,11,51.3
1977,12,47.4
1978,1,45.4
1978,2,46.5
1978,3,52.6
1978,4,51.5
1978,5,61.1
1978,6,69.0
1978,7,74.8
1978,8,73.8
1978,9,66.7
1978,10,63.7
1978,11,47.0
1978,12,39.2
1979,1,40.1
1979,2,43.4
1979,3,49.2
1979,4,53.6
1979,5,62.5
1979,6,69.6
1979,7,74.5
1979,8,71.9
1979,9,72.2
1979,10,61.1
1979,11,48.2
1979,12,45.7
1980,1,45.9
1980,2,48.8
1980,3,47.3
1980,4,54.5
1980,5,58.2
1980,6,65.5
1980,7,75.4
1980,8,73.0
1980,9,68.6
1980,10,61.4
1980,11,51.2
1980,12,47.1
1981,1,46.7
1981,2,47.7
1981,3,48.7
1981,4,56.5
1981,5,61.9
1981,6,73.2
1981,7,75.5
1981,8,75.8
1981,9,70.4
1981,10,56.7
1981,11,51.8
1981,12,46.7
1982,1,40.4
1982,2,46.9
1982,3,46.8
1982,4,52.1
1982,5,61.8
1982,6,66.4
1982,7,73.1
1982,8,73.9
1982,9,67.1
1982,10,58.4
1982,11,46.7
1982,12,42.5
1983,1,44.2
1983,2,46.8
1983,3,48.6
1983,4,49.8
1983,5,61.3
1983,6,67.5
1983,7,71.9
1983,8,73.7
1983,9,71.0
1983,10,61.4
1983,11,49.2
1983,12,45.2
1984,1,45.4
1984,2,46.1
1984,3,52.0
1984,4,52.9
1984,5,65.3
1984,6,68.2
1984,7,77.0
1984,8,74.9
1984,9,72.2
1984,10,56.2
1984,11,47.6
1984,12,40.8
1985,1,41.7
1985,2,45.2
1985,3,46.4
1985,4,58.2
1985,5,61.2
1985,6,72.3
1985,7,77.2
1985,8,73.0
1985,9,64.4
1985,10,58.9
1985,11,46.0
1985,12,43.4
1986,1,48.8
1986,2,48.8
1986,3,53.6
1986,4,54.6
1986,5,62.2
1986,6,71.2
1986,7,72.9
1986,8,76.0
1986,9,63.5
1986,10,59.1
1986,11,51.7
1986,12,44.1
1987,1,41.4
1987,2,46.2
1987,3,48.6
1987,4,59.3
1987,5,63.5
1987,6,71.0
1987,7,70.9
1987,8,74.3
1987,9,69.8
1987,10,64.0
1987,11,49.4
1987,12,40.9
1988,1,42.7
1988,2,48.5
1988,3,51.6
1988,4,55.2
1988,5,60.3
1988,6,68.2
1988,7,77.6
1988,8,74.6
1988,9,69.4
1988,10,64.6
1988,11,49.8
1988,12,42.5
1989,1,40.9
1989,2,42.7
1989,3,51.8
1989,4,60.0
1989,5,61.4
1989,6,69.5
1989,7,75.3
1989,8,72.1
1989,9,68.1
1989,10,58.9
1989,11,51.8
1989,12,44.8
1990,1,43.1
1990,2,42.7
1990,3,51.4
1990,4,58.4
1990,5,60.2
1990,6,69.4
1990,7,76.4
1990,8,73.7
1990,9,69.9
1990,10,62.0
1990,11,50.0
1990,12,38.4
1991,1,43.6
1991,2,51.5
1991,3,44.8
1991,4,52.7
1991,5,57.9
1991,6,66.2
1991,7,75.4
1991,8,73.2
1991,9,72.2
1991,10,64.5
1991,11,51.6
1991,12,44.0
1992,1,43.2
1992,2,49.1
1992,3,50.8
1992,4,58.9
1992,5,67.0
1992,6,69.0
1992,7,73.8
1992,8,76.2
1992,9,70.8
1992,10,62.6
1992,11,49.5
1992,12,40.3
1993,1,41.3
1993,2,44.0
1993,3,52.9
1993,4,55.2
1993,5,62.3
1993,6,68.0
1993,7,72.2
1993,8,73.2
1993,9,69.5
1993,10,61.4
1993,11,48.8
1993,12,43.1
1994,1,45.7
1994,2,43.7
1994,3,52.9
1994,4,55.9
1994,5,61.3
1994,6,70.9
1994,7,76.5
1994,8,75.8
1994,9,69.8
1994,10,58.6
1994,11,42.9
1994,12,42.1
1995,1,44.7
1995,2,51.3
1995,3,48.9
1995,4,52.9
1995,5,58.4
1995,6,66.1
1995,7,74.2
1995,8,75.0
1995,9,71.2
1995,10,62.2
1995,11,55.9
1995,12,46.4
1996,1,45.6
1996,2,48.8
1996,3,51.5
1996,4,56.8
1996,5,62.5
1996,6,70.4
1996,7,78.1
1996,8,76.7
1996,9,68.4
1996,10,59.2
1996,11,51.1
1996,12,45.6
1997,1,44.5
1997,2,46.6
1997,3,54.0
1997,4,55.6
1997,5,67.6
1997,6,68.4
1997,7,74.0
1997,8,74.9
1997,9,70.8
1997,10,59.0
1997,11,51.6
1997,12,42.4
1998,1,45.1
1998,2,43.6
1998,3,49.2
1998,4,51.6
1998,5,54.9
1998,6,65.2
1998,7,76.0
1998,8,77.2
1998,9,69.2
1998,10,57.7
1998,11,48.8
1998,12,42.0
1999,1,45.0
1999,2,44.9
1999,3,47.5
1999,4,51.3
1999,5,60.4
1999,6,67.8
1999,7,73.3
1999,8,72.6
1999,9,70.7
1999,10,63.7
1999,11,53.0
1999,12,45.3
2000,1,45.8
2000,2,47.2
2000,3,50.2
2000,4,57.8
2000,5,63.9
2000,6,72.2
2000,7,73.5
2000,8,75.0
2000,9,69.1
2000,10,58.4
2000,11,46.0
2000,12,46.5
2001,1,42.3
2001,2,43.1
2001,3,52.6
2001,4,52.0
2001,5,68.6
2001,6,71.4
2001,7,74.2
2001,8,76.0
2001,9,71.3
2001,10,63.6
2001,11,51.6
2001,12,42.8
2002,1,42.4
2002,2,48.2
2002,3,48.5
2002,4,56.0
2002,5,61.5
2002,6,71.2
2002,7,77.4
2002,8,74.4
2002,9,70.9
2002,10,59.4
2002,11,52.3
2002,12,44.0
2003,1,50.0
2003,2,45.7
2003,3,51.4
2003,4,50.0
2003,5,62.0
2003,6,71.2
2003,7,78.7
2003,8,75.0
2003,9,72.9
2003,10,65.4
2003,11,46.8
2003,12,44.0
2004,1,43.5
2004,2,44.2
2004,3,56.9
2004,4,57.3
2004,5,63.2
2004,6,70.4
2004,7,76.1
2004,8,74.8
2004,9,69.4
2004,10,58.2
2004,11,47.7
2004,12,44.6
2005,1,44.1
2005,2,47.1
2005,3,51.1
2005,4,53.0
2005,5,62.2
2005,6,66.2
2005,7,78.4
2005,8,75.8
2005,9,66.9
2005,10,59.9
2005,11,52.4
2005,12,46.1
2006,1,44.6
2006,2,47.7
2006,3,44.0
2006,4,53.0
2006,5,64.6
2006,6,73.2
2006,7,79.3
2006,8,73.8
2006,9,69.5
2006,10,58.8
2006,11,51.3
2006,12,43.9
2007,1,41.5
2007,2,46.7
2007,3,54.4
2007,4,56.3
2007,5,64.1
2007,6,70.5
2007,7,76.9
2007,8,76.1
2007,9,67.5
2007,10,58.6
2007,11,53.3
2007,12,41.2
2008,1,41.1
2008,2,45.8
2008,3,50.3
2008,4,54.4
2008,5,61.7
2008,6,71.1
2008,7,76.5
2008,8,76.6
2008,9,71.8
2008,10,61.8
2008,11,53.9
2008,12,42.0
2009,1,46.9
2009,2,45.2
2009,3,49.2
2009,4,54.3
2009,5,66.7
2009,6,67.5
2009,7,77.6
2009,8,74.8
2009,9,73.0
2009,10,58.1
2009,11,50.9
2009,12,41.8
2010,1,45.2
2010,2,46.8
2010,3,49.0
2010,4,50.9
2010,5,56.9
2010,6,69.1
2010,7,76.1
2010,8,73.4
2010,9,70.4
2010,10,60.5
2010,11,48.6
2010,12,45.8
2011,1,45.2
2011,2,43.4
2011,3,48.7
2011,4,53.4
2011,5,57.6
2011,6,66.9
2011,7,74.2
2011,8,75.2
2011,9,72.2
2011,10,61.4
2011,11,48.2
2011,12,42.8
2012,1,46.5
2012,2,46.5
2012,3,48.8
2012,4,55.8
2012,5,63.9
2012,6,69.3
2012,7,74.7
2012,8,77.8
2012,9,73.1
2012,10,62.2
2012,11,52.5
2012,12,43.0
2013,1,42.1
2013,2,45.3
2013,3,53.8
2013,4,58.2
2013,5,63.8
2013,6,72.4
2013,7,78.0
2013,8,74.4
2013,9,69.3
2013,10,58.5
2013,11,51.9
2013,12,44.1
2014,1,50.1
2014,2,49.8
2014,3,53.5
2014,4,57.7
2014,5,64.6
2014,6,71.9
2014,7,78.4
2014,8,74.9
2014,9,72.2
2014,10,64.4
2014,11,53.1
2014,12,46.8
2015,1,48.6
2015,2,53.2
2015,3,56.9
2015,4,56.7
2015,5,60.8
2015,6,74.4
2015,7,75.0
2015,8,76.5
2015,9,72.1
2015,10,65.0
2015,11,47.6
2015,12,42.3
2016,1,44.5
2016,2,51.8
2016,3,52.5
2016,4,57.9
2016,5,62.2
2016,6,73.5
2016,7,76.8
2016,8,76.2
2016,9,69.5
2016,10,60.5
2016,11,52.8
2016,12,43.4
2017,1,42.2
2017,2,47.3
2017,3,53.4
2017,4,55.6
2017,5,63.4
2017,6,72.8
2017,7,78.8
2017,8,77.9
2017,9,69.8
2017,10,62.0
2017,11,53.4
2017,12,47.5
2018,1,48.9
2018,2,46.6
2018,3,49.0
2018,4,57.2
2018,5,63.0
2018,6,71.4
2018,7,79.6
2018,8,76.4
2018,9,71.1
2018,10,60.9
2018,11,52.6
2018,12,44.8
2019,1,46.1
2019,2,40.6
2019,3,48.9
2019,4,58.2
2019,5,58.6
2019,6,71.1
2019,7,75.5
2019,8,76.8
2019,9,68.9
2019,10,58.8
2019,11,53.0
2019,12,44.4
2020,1,45.3
2020,2,49.2
2020,3,48.0
2020,4,56.6
2020,5,64.6
2020,6,70.4
2020,7,76.6
2020,8,78.9
2020,9,74.0
2020,10,66.2
2020,11,50.9
2020,12,45.5
2021,1,45.5
2021,2,47.4
2021,3,48.2
2021,4,58.2
2021,5,64.5
2021,6,74.9
2021,7,79.8
2021,8,77.0
2021,9,72.2
2021,10,58.2
2021,11,54.8
2021,12,43.5
2022,1,46.2
2022,2,47.4
2022,3,52.9
2022,4,55.9
2022,5,62.4
2022,6,72.0
2022,7,77.6
2022,8,78.4
2022,9,73.8
2022,10,63.7
2022,11,46.8
2022,12,43.5
2023,1,42.6
2023,2,42.7
2023,3,44.2
2023,4,55.3
2023,5,62.0
2023,6,67.0
2023,7,79.0
2023,8,75.9
2023,9,68.1
2023,10,62.2
2023,11,51.9
2023,12,48.1
2024,1,45.7
2024,2,46.3
2024,3,48.8
2024,4,55.2
2024,5,63.0
2024,6,74.0
2024,7,81.5
2024,8,76.1
2024,9,72.5
2024,10,65.5
2024,11,48.4
2024,12,48.4
2025,1,45.0
2025,2,48.6
2025,3,49.6
2025,4,56.4
2025,5,64.4
2025,6,72.5
2025,7,75.2
2025,8,77.2
2025,9,71.3
2025,10,60.0
2025,11,54.2
2025,12,49.8
2026,1,48.3
2026,2,50.4
2026,3,61.3
2026,4,56.1
2026,5,64.0
2026,6,72.4
2026,7,77.6
2026,8,79.0
